Geocodigo,Nome,UF,Lat,Lon
3500105,ADAMANTINA,SP,-21.6857,-51.0729
3500204,ADOLFO,SP,-21.2355,-49.644
3500303,AGUAÍ,SP,-22.0599,-46.979
3500402,ÁGUAS DA PRATA,SP,-21.9371,-46.7171
3500501,ÁGUAS DE LINDÓIA,SP,-22.4769,-46.6332
3500550,ÁGUAS DE SANTA BÁRBARA,SP,-22.881,-49.2393
3500600,ÁGUAS DE SÃO PEDRO,SP,-22.5999,-47.8765
3500709,AGUDOS,SP,-22.4696,-48.9879
3500758,ALAMBARI,SP,-23.5513,-47.899
3500808,ALFREDO MARCONDES,SP,-21.9557,-51.4132
3500907,ALTAIR,SP,-20.5241,-49.0593
3501004,ALTINÓPOLIS,SP,-21.026,-47.3743
3501103,ALTO ALEGRE,SP,-21.581,-50.164
3501152,ALUMÍNIO,SP,-23.5355,-47.2623
3501202,ÁLVARES FLORENCE,SP,-20.3213,-49.911
3501301,ÁLVARES MACHADO,SP,-22.0799,-51.4724
3501400,ÁLVARO DE CARVALHO,SP,-22.0896,-49.7193
3501509,ALVINLÂNDIA,SP,-22.4446,-49.7635
3501608,AMERICANA,SP,-22.7396,-47.3318
3501707,AMÉRICO BRASILIENSE,SP,-21.7249,-48.1021
3501806,AMÉRICO DE CAMPOS,SP,-20.2996,-49.7321
3501905,AMPARO,SP,-22.7016,-46.7648
3502002,ANALÂNDIA,SP,-22.1269,-47.6635
3502101,ANDRADINA,SP,-20.8966,-51.3799
3502200,ANGATUBA,SP,-23.4902,-48.4132
3502309,ANHEMBI,SP,-22.7899,-48.1276
3502408,ANHUMAS,SP,-22.2957,-51.3876
3502507,APARECIDA,SP,-22.8474,-45.2301
3502606,APARECIDA DO OESTE,SP,-20.4499,-50.8801
3502705,APIAÍ,SP,-24.5099,-48.8429
3502754,ARAÇARIGUAMA,SP,-23.4391,-47.0618
3502804,ARAÇATUBA,SP,-21.2094,-50.4332
3502903,ARAÇOIABA DA SERRA,SP,-23.5058,-47.6146
3503000,ARAMINA,SP,-20.0907,-47.7862
3503109,ARANDU,SP,-23.1349,-49.0543
3503158,ARAPEÍ,SP,-22.6744,-44.4482
3503208,ARARAQUARA,SP,-21.7949,-48.176
3503307,ARARAS,SP,-22.3574,-47.3846
3503356,ARCO-ÍRIS,SP,-21.773,-50.4654
3503406,AREALVA,SP,-22.0291,-48.9115
3503505,AREIAS,SP,-22.5802,-44.6973
3503604,AREIÓPOLIS,SP,-22.6685,-48.6654
3503703,ARIRANHA,SP,-21.1882,-48.7873
3503802,ARTUR NOGUEIRA,SP,-22.5735,-47.1729
3503901,ARUJÁ,SP,-23.3966,-46.3212
3503950,ASPÁSIA,SP,-20.1593,-50.7276
3504008,ASSIS,SP,-22.6621,-50.4126
3504107,ATIBAIA,SP,-23.1174,-46.5507
3504206,AURIFLAMA,SP,-20.686,-50.5551
3504305,AVAÍ,SP,-22.1471,-49.3335
3504404,AVANHANDAVA,SP,-21.4613,-49.9501
3504503,AVARÉ,SP,-23.0991,-48.9262
3504602,BADY BASSITT,SP,-20.9185,-49.4457
3504701,BALBINOS,SP,-21.9002,-49.3571
3504800,BÁLSAMO,SP,-20.7357,-49.584
3504909,BANANAL,SP,-22.6841,-44.3237
3505005,BARÃO DE ANTONINA,SP,-23.6274,-49.5618
3505104,BARBOSA,SP,-21.2671,-49.9496
3505203,BARIRI,SP,-22.0749,-48.7407
3505302,BARRA BONITA,SP,-22.4952,-48.5585
3505351,BARRA DO CHAPÉU,SP,-24.4735,-49.0249
3505401,BARRA DO TURVO,SP,-24.7569,-48.5051
3505500,BARRETOS,SP,-20.5577,-48.5682
3505609,BARRINHA,SP,-21.1941,-48.1643
3505708,BARUERI,SP,-23.511,-46.8765
3505807,BASTOS,SP,-21.9224,-50.7343
3505906,BATATAIS,SP,-20.8916,-47.5854
3506003,BAURU,SP,-22.3152,-49.061
3506102,BEBEDOURO,SP,-20.9499,-48.4796
3506201,BENTO DE ABREU,SP,-21.271,-50.8124
3506300,BERNARDINO DE CAMPOS,SP,-23.0135,-49.4746
3506359,BERTIOGA,SP,-23.8549,-46.139
3506409,BILAC,SP,-21.4038,-50.471
3506508,BIRIGUI,SP,-21.2891,-50.3404
3506607,BIRITIBA-MIRIM,SP,-23.573,-46.039
3506706,BOA ESPERANÇA DO SUL,SP,-21.993,-48.3912
3506805,BOCAINA,SP,-22.1366,-48.5185
3506904,BOFETE,SP,-23.1027,-48.2582
3507001,BOITUVA,SP,-23.2838,-47.6726
3507100,BOM JESUS DOS PERDÕES,SP,-23.1355,-46.4657
3507159,BOM SUCESSO DE ITARARÉ,SP,-24.3183,-49.1443
3507209,BORÁ,SP,-22.2702,-50.5349
3507308,BORACÉIA,SP,-22.1935,-48.7793
3507407,BORBOREMA,SP,-21.6202,-49.074
3507456,BOREBI,SP,-22.5699,-48.9715
3507506,BOTUCATU,SP,-22.8863,-48.4454
3507605,BRAGANÇA PAULISTA,SP,-22.9524,-46.5423
3507704,BRAÚNA,SP,-21.4996,-50.316
3507753,BREJO ALEGRE,SP,-21.1669,-50.1857
3507803,BRODOWSKI,SP,-20.9919,-47.659
3507902,BROTAS,SP,-22.2846,-48.1271
3508009,BURI,SP,-23.798,-48.5932
3508108,BURITAMA,SP,-21.0666,-50.1476
3508207,BURITIZAL,SP,-20.1916,-47.7087
3508306,CABRÁLIA PAULISTA,SP,-22.456,-49.3379
3508405,CABREÚVA,SP,-23.308,-47.1332
3508504,CAÇAPAVA,SP,-23.1013,-45.7073
3508603,CACHOEIRA PAULISTA,SP,-22.6655,-45.0098
3508702,CACONDE,SP,-21.5299,-46.6443
3508801,CAFELÂNDIA,SP,-21.803,-49.6104
3508900,CAIABU,SP,-22.0127,-51.236
3509007,CAIEIRAS,SP,-23.3646,-46.741
3509106,CAIUÁ,SP,-21.8321,-51.9988
3509205,CAJAMAR,SP,-23.3566,-46.8773
3509254,CAJATI,SP,-24.7366,-48.1232
3509304,CAJOBI,SP,-20.8802,-48.8098
3509403,CAJURU,SP,-21.2757,-47.3046
3509452,CAMPINA DO MONTE ALEGRE,SP,-23.5924,-48.4776
3509502,CAMPINAS,SP,-22.906,-47.0612
3509601,CAMPO LIMPO PAULISTA,SP,-23.2069,-46.7848
3509700,CAMPOS DO JORDÃO,SP,-22.7399,-45.5918
3509809,CAMPOS NOVOS PAULISTA,SP,-22.6035,-50.0029
3509908,CANANÉIA,SP,-25.0152,-47.9271
3509957,CANAS,SP,-22.7041,-45.0557
3510005,CÂNDIDO MOTA,SP,-22.7469,-50.3874
3510104,CÂNDIDO RODRIGUES,SP,-21.3257,-48.6312
3510153,CANITAR,SP,-23.0069,-49.7838
3510203,CAPÃO BONITO,SP,-24.0063,-48.3499
3510302,CAPELA DO ALTO,SP,-23.471,-47.7351
3510401,CAPIVARI,SP,-22.9955,-47.5082
3510500,CARAGUATATUBA,SP,-23.6208,-45.4134
3510609,CARAPICUÍBA,SP,-23.523,-46.836
3510708,CARDOSO,SP,-20.0824,-49.9146
3510807,CASA BRANCA,SP,-21.7744,-47.0868
3510906,CÁSSIA DOS COQUEIROS,SP,-21.2832,-47.1701
3511003,CASTILHO,SP,-20.8727,-51.4879
3511102,CATANDUVA,SP,-21.1382,-48.9732
3511201,CATIGUÁ,SP,-21.0499,-49.0587
3511300,CEDRAL,SP,-20.9032,-49.2687
3511409,CERQUEIRA CÉSAR,SP,-23.036,-49.1665
3511508,CERQUILHO,SP,-23.1655,-47.744
3511607,CESÁRIO LANGE,SP,-23.2271,-47.9535
3511706,CHARQUEADA,SP,-22.5102,-47.7785
3557204,CHAVANTES,SP,-23.0394,-49.7099
3511904,CLEMENTINA,SP,-21.5602,-50.4496
3512001,COLINA,SP,-20.7138,-48.5412
3512100,COLÔMBIA,SP,-20.1763,-48.6893
3512209,CONCHAL,SP,-22.3308,-47.1729
3512308,CONCHAS,SP,-23.0158,-48.011
3512407,CORDEIRÓPOLIS,SP,-22.4824,-47.4571
3512506,COROADOS,SP,-21.3524,-50.2818
3512605,CORONEL MACEDO,SP,-23.6316,-49.314
3512704,CORUMBATAÍ,SP,-22.2205,-47.6262
3512803,COSMÓPOLIS,SP,-22.6463,-47.1965
3512902,COSMORAMA,SP,-20.4782,-49.7782
3513009,COTIA,SP,-23.6044,-46.9196
3513108,CRAVINHOS,SP,-21.3407,-47.7298
3513207,CRISTAIS PAULISTA,SP,-20.3977,-47.4207
3513306,CRUZÁLIA,SP,-22.736,-50.794
3513405,CRUZEIRO,SP,-22.5766,-44.9632
3513504,CUBATÃO,SP,-23.8955,-46.4257
3513603,CUNHA,SP,-23.0749,-44.9601
3513702,DESCALVADO,SP,-21.9044,-47.6198
3513801,DIADEMA,SP,-23.6866,-46.6232
3513850,DIRCE REIS,SP,-20.4666,-50.6065
3513900,DIVINOLÂNDIA,SP,-21.6619,-46.7396
3514007,DOBRADA,SP,-21.5171,-48.3943
3514106,DOIS CÓRREGOS,SP,-22.3666,-48.3807
3514205,DOLCINÓPOLIS,SP,-20.1235,-50.5137
3514304,DOURADO,SP,-22.1005,-48.3179
3514403,DRACENA,SP,-21.483,-51.5332
3514502,DUARTINA,SP,-22.4149,-49.4043
3514601,DUMONT,SP,-21.2369,-47.9737
3514700,ECHAPORÃ,SP,-22.4299,-50.201
3514809,ELDORADO,SP,-24.5205,-48.1085
3514908,ELIAS FAUSTO,SP,-23.0433,-47.3743
3514924,ELISIÁRIO,SP,-21.166,-49.1121
3514957,EMBAÚBA,SP,-20.983,-48.836
3515004,EMBU,SP,-23.6494,-46.8526
3515103,EMBU-GUAÇU,SP,-23.8327,-46.8118
3515129,EMILIANÓPOLIS,SP,-21.8335,-51.4835
3515152,ENGENHEIRO COELHO,SP,-22.4888,-47.2154
3515186,ESPÍRITO SANTO DO PINHAL,SP,-22.1163,-46.6832
3515194,ESPÍRITO SANTO DO TURVO,SP,-22.6927,-49.4307
3557303,ESTIVA GERBI,SP,-22.2719,-46.9451
3515301,ESTRELA DO NORTE,SP,-22.4885,-51.6607
3515202,ESTRELA DO OESTE,SP,-20.2882,-50.4012
3515350,EUCLIDES DA CUNHA PAULISTA,SP,-22.5618,-52.5907
3515400,FARTURA,SP,-23.3888,-49.5104
3515608,FERNANDO PRESTES,SP,-21.2649,-48.6857
3515509,FERNANDÓPOLIS,SP,-20.2843,-50.2468
3515657,FERNÃO,SP,-22.3591,-49.5212
3515707,FERRAZ DE VASCONCELOS,SP,-23.5413,-46.369
3515806,FLORA RICA,SP,-21.6763,-51.3846
3515905,FLOREAL,SP,-20.6771,-50.1457
3516002,FLÓRIDA PAULISTA,SP,-21.6152,-51.174
3516101,FLORÍNIA,SP,-22.9038,-50.7382
3516200,FRANCA,SP,-20.5391,-47.4012
3516309,FRANCISCO MORATO,SP,-23.2821,-46.7457
3516408,FRANCO DA ROCHA,SP,-23.3221,-46.7273
3516507,GABRIEL MONTEIRO,SP,-21.5316,-50.5551
3516606,GÁLIA,SP,-22.2919,-49.5532
3516705,GARÇA,SP,-22.211,-49.6565
3516804,GASTÃO VIDIGAL,SP,-20.7991,-50.1874
3516853,GAVIÃO PEIXOTO,SP,-21.8394,-48.4951
3516903,GENERAL SALGADO,SP,-20.6488,-50.361
3517000,GETULINA,SP,-21.7991,-49.929
3517109,GLICÉRIO,SP,-21.3766,-50.2062
3517208,GUAIÇARA,SP,-21.6224,-49.799
3517307,GUAIMBÊ,SP,-21.9105,-49.8971
3517406,GUAÍRA,SP,-20.3188,-48.311
3517505,GUAPIAÇU,SP,-20.7955,-49.2207
3517604,GUAPIARA,SP,-24.1855,-48.5332
3517703,GUARÁ,SP,-20.4288,-47.8246
3517802,GUARAÇAÍ,SP,-21.0288,-51.2071
3517901,GUARACI,SP,-20.4991,-48.9451
3518008,GUARANI DO OESTE,SP,-20.0752,-50.3399
3518107,GUARANTÃ,SP,-21.8955,-49.5901
3518206,GUARARAPES,SP,-21.2613,-50.6432
3518305,GUARAREMA,SP,-23.4155,-46.0354
3518404,GUARATINGUETÁ,SP,-22.8169,-45.1929
3518503,GUAREÍ,SP,-23.3733,-48.1846
3518602,GUARIBA,SP,-21.3605,-48.2287
3518701,GUARUJÁ,SP,-23.9935,-46.2568
3518800,GUARULHOS,SP,-23.4633,-46.5337
3518859,GUATAPARÁ,SP,-21.4971,-48.0382
3518909,GUZOLÂNDIA,SP,-20.6502,-50.6624
3519006,HERCULÂNDIA,SP,-22.0041,-50.3857
3519055,HOLAMBRA,SP,-22.6335,-47.056
3519071,HORTOLÂNDIA,SP,-22.8588,-47.2204
3519105,IACANGA,SP,-21.8905,-49.0251
3519204,IACRI,SP,-21.8588,-50.6899
3519253,IARAS,SP,-22.8713,-49.1632
3519303,IBATÉ,SP,-21.9552,-47.9971
3519402,IBIRÁ,SP,-21.0807,-49.2412
3519501,IBIRAREMA,SP,-22.818,-50.0729
3519600,IBITINGA,SP,-21.7582,-48.8293
3519709,IBIÚNA,SP,-23.6569,-47.2229
3519808,ICÉM,SP,-20.3421,-49.1954
3519907,IEPÊ,SP,-22.661,-51.0765
3520004,IGARAÇU DO TIETÊ,SP,-22.5096,-48.5582
3520103,IGARAPAVA,SP,-20.0388,-47.7473
3520202,IGARATÁ,SP,-23.2049,-46.1565
3520301,IGUAPE,SP,-24.7085,-47.5557
3520426,ILHA COMPRIDA,SP,-24.7416,-47.5404
3520442,ILHA SOLTEIRA,SP,-20.4332,-51.3429
3520400,ILHABELA,SP,-23.7785,-45.3584
3520509,INDAIATUBA,SP,-23.0908,-47.2185
3520608,INDIANA,SP,-22.1749,-51.2521
3520707,INDIAPORÃ,SP,-19.9805,-50.2901
3520806,INÚBIA PAULISTA,SP,-21.7702,-50.9624
3520905,IPAUSSU,SP,-23.0571,-49.6268
3521002,IPERÓ,SP,-23.3508,-47.689
3521101,IPEÚNA,SP,-22.4363,-47.7193
3521150,IPIGUÁ,SP,-20.6571,-49.3876
3521200,IPORANGA,SP,-24.586,-48.5935
3521309,IPUÃ,SP,-20.4385,-48.0126
3521408,IRACEMÁPOLIS,SP,-22.581,-47.519
3521507,IRAPUÃ,SP,-21.2799,-49.4093
3521606,IRAPURU,SP,-21.5713,-51.3454
3521705,ITABERÁ,SP,-23.8624,-49.1376
3521804,ITAÍ,SP,-23.4183,-49.091
3521903,ITAJOBI,SP,-21.3185,-49.0549
3522000,ITAJU,SP,-21.9816,-48.8051
3522109,ITANHAÉM,SP,-24.1835,-46.7893
3522158,ITAÓCA,SP,-24.6405,-48.8432
3522208,ITAPECERICA DA SERRA,SP,-23.7174,-46.8496
3522307,ITAPETININGA,SP,-23.5921,-48.0535
3522406,ITAPEVA,SP,-23.9827,-48.876
3522505,ITAPEVI,SP,-23.5494,-46.9346
3522604,ITAPIRA,SP,-22.4366,-46.8221
3522653,ITAPIRAPUÃ PAULISTA,SP,-24.5744,-49.1685
3522703,ITÁPOLIS,SP,-21.596,-48.8132
3522802,ITAPORANGA,SP,-23.7083,-49.4901
3522901,ITAPUÍ,SP,-22.2338,-48.7196
3523008,ITAPURA,SP,-20.6466,-51.5093
3523107,ITAQUAQUECETUBA,SP,-23.4866,-46.3487
3523206,ITARARÉ,SP,-24.113,-49.3321
3523305,ITARIRI,SP,-24.2896,-47.1749
3523404,ITATIBA,SP,-23.0063,-46.8393
3523503,ITATINGA,SP,-23.1021,-48.6162
3523602,ITIRAPINA,SP,-22.2533,-47.8232
3523701,ITIRAPUÃ,SP,-20.6413,-47.2196
3523800,ITOBI,SP,-21.7374,-46.9754
3523909,ITU,SP,-23.2646,-47.2996
3524006,ITUPEVA,SP,-23.1535,-47.0582
3524105,ITUVERAVA,SP,-20.3399,-47.781
3524204,JABORANDI,SP,-20.6885,-48.4129
3524303,JABOTICABAL,SP,-21.2552,-48.3226
3524402,JACAREÍ,SP,-23.3058,-45.9662
3524501,JACI,SP,-20.8827,-49.5704
3524600,JACUPIRANGA,SP,-24.693,-48.0026
3524709,JAGUARIÚNA,SP,-22.706,-46.9862
3524808,JALES,SP,-20.2693,-50.5462
3524907,JAMBEIRO,SP,-23.2541,-45.6882
3525003,JANDIRA,SP,-23.528,-46.9029
3525102,JARDINÓPOLIS,SP,-21.0182,-47.7643
3525201,JARINU,SP,-23.1019,-46.7287
3525300,JAÚ,SP,-22.2969,-48.5582
3525409,JERIQUARA,SP,-20.3116,-47.5896
3525508,JOANÓPOLIS,SP,-22.9308,-46.276
3525607,JOÃO RAMALHO,SP,-22.2507,-50.7682
3525706,JOSÉ BONIFÁCIO,SP,-21.0532,-49.6887
3525805,JÚLIO MESQUITA,SP,-22.0094,-49.7876
3525854,JUMIRIM,SP,-23.0871,-47.7846
3525904,JUNDIAÍ,SP,-23.1869,-46.8846
3526001,JUNQUEIRÓPOLIS,SP,-21.5152,-51.434
3526100,JUQUIÁ,SP,-24.3213,-47.6351
3526209,JUQUITIBA,SP,-23.9321,-47.0687
3526308,LAGOINHA,SP,-23.091,-45.1907
3526407,LARANJAL PAULISTA,SP,-23.0502,-47.8371
3526506,LAVÍNIA,SP,-21.1688,-51.0401
3526605,LAVRINHAS,SP,-22.5713,-44.9026
3526704,LEME,SP,-22.186,-47.3907
3526803,LENÇÓIS PAULISTA,SP,-22.5991,-48.8007
3526902,LIMEIRA,SP,-22.5652,-47.4021
3527009,LINDÓIA,SP,-22.5235,-46.6504
3527108,LINS,SP,-21.6791,-49.7429
3527207,LORENA,SP,-22.7313,-45.1251
3527256,LOURDES,SP,-20.9674,-50.2246
3527306,LOUVEIRA,SP,-23.0869,-46.951
3527405,LUCÉLIA,SP,-21.7207,-51.0193
3527504,LUCIANÓPOLIS,SP,-22.4316,-49.5229
3527603,LUÍS ANTÔNIO,SP,-21.5555,-47.7048
3527702,LUIZIÂNIA,SP,-21.6763,-50.3271
3527801,LUPÉRCIO,SP,-22.4155,-49.8176
3527900,LUTÉCIA,SP,-22.3405,-50.3926
3528007,MACATUBA,SP,-22.5027,-48.7118
3528106,MACAUBAL,SP,-20.8063,-49.9643
3528205,MACEDÔNIA,SP,-20.1463,-50.1949
3528304,MAGDA,SP,-20.6444,-50.2265
3528403,MAIRINQUE,SP,-23.5463,-47.1837
3528502,MAIRIPORÃ,SP,-23.3191,-46.5871
3528601,MANDURI,SP,-23.0038,-49.3224
3528700,MARABÁ PAULISTA,SP,-22.1085,-51.9629
3528809,MARACAÍ,SP,-22.611,-50.6676
3528858,MARAPOAMA,SP,-21.2596,-49.1293
3528908,MARIÁPOLIS,SP,-21.7994,-51.1818
3529005,MARÍLIA,SP,-22.2144,-49.9463
3529104,MARINÓPOLIS,SP,-20.441,-50.8235
3529203,MARTINÓPOLIS,SP,-22.1463,-51.1713
3529302,MATÃO,SP,-21.6038,-48.3662
3529401,MAUÁ,SP,-23.6683,-46.4618
3529500,MENDONÇA,SP,-21.1671,-49.5812
3529609,MERIDIANO,SP,-20.3596,-50.1737
3529658,MESÓPOLIS,SP,-19.9668,-50.6385
3529708,MIGUELÓPOLIS,SP,-20.1799,-48.0323
3529807,MINEIROS DO TIETÊ,SP,-22.4099,-48.451
3530003,MIRA ESTRELA,SP,-19.9799,-50.1376
3529906,MIRACATU,SP,-24.2819,-47.4601
3530102,MIRANDÓPOLIS,SP,-21.1341,-51.1021
3530201,MIRANTE DO PARANAPANEMA,SP,-22.2924,-51.9068
3530300,MIRASSOL,SP,-20.8196,-49.5215
3530409,MIRASSOLÂNDIA,SP,-20.6171,-49.4643
3530508,MOCOCA,SP,-21.4683,-47.0051
3530607,MOGI DAS CRUZES,SP,-23.5233,-46.1887
3530706,MOGI GUAÇU,SP,-22.3727,-46.9426
3530805,MOJI MIRIM,SP,-22.4324,-46.9582
3530904,MOMBUCA,SP,-22.9296,-47.5665
3531001,MONÇÕES,SP,-20.8507,-50.0921
3531100,MONGAGUÁ,SP,-24.0935,-46.6212
3531209,MONTE ALEGRE DO SUL,SP,-22.6824,-46.6812
3531308,MONTE ALTO,SP,-21.2616,-48.4968
3531407,MONTE APRAZÍVEL,SP,-20.773,-49.7146
3531506,MONTE AZUL PAULISTA,SP,-20.9077,-48.6418
3531605,MONTE CASTELO,SP,-21.2999,-51.569
3531803,MONTE MOR,SP,-22.9471,-47.3162
3531704,MONTEIRO LOBATO,SP,-22.9571,-45.8401
3531902,MORRO AGUDO,SP,-20.7319,-48.0582
3532009,MORUNGABA,SP,-22.8805,-46.7921
3532058,MOTUCA,SP,-21.5085,-48.1515
3532108,MURUTINGA DO SUL,SP,-20.9938,-51.2779
3532157,NANTES,SP,-22.621,-51.2374
3532207,NARANDIBA,SP,-22.4077,-51.5249
3532306,NATIVIDADE DA SERRA,SP,-23.376,-45.4423
3532405,NAZARÉ PAULISTA,SP,-23.1816,-46.3954
3532504,NEVES PAULISTA,SP,-20.8466,-49.6301
3532603,NHANDEARA,SP,-20.6946,-50.0387
3532702,NIPOÃ,SP,-20.9138,-49.7782
3532801,NOVA ALIANÇA,SP,-21.0163,-49.4965
3532827,NOVA CAMPINA,SP,-24.1213,-48.904
3532843,NOVA CANAÃ PAULISTA,SP,-20.3863,-50.9496
3532868,NOVA CASTILHO,SP,-20.7635,-50.3435
3532900,NOVA EUROPA,SP,-21.7788,-48.5612
3533007,NOVA GRANADA,SP,-20.5344,-49.3146
3533106,NOVA GUATAPORANGA,SP,-21.3349,-51.6443
3533205,NOVA INDEPENDÊNCIA,SP,-21.1043,-51.4904
3533304,NOVA LUZITÂNIA,SP,-20.8566,-50.2621
3533403,NOVA ODESSA,SP,-22.778,-47.2962
3533254,NOVAIS,SP,-20.9927,-48.919
3533502,NOVO HORIZONTE,SP,-21.4685,-49.2212
3533601,NUPORANGA,SP,-20.7313,-47.731
3533700,OCAUÇU,SP,-22.4394,-49.9232
3533809,ÓLEO,SP,-22.9419,-49.3424
3533908,OLÍMPIA,SP,-20.7377,-48.9151
3534005,ONDA VERDE,SP,-20.6005,-49.2957
3534104,ORIENTE,SP,-22.1532,-50.0913
3534203,ORINDIÚVA,SP,-20.1827,-49.3518
3534302,ORLÂNDIA,SP,-20.7207,-47.8871
3534401,OSASCO,SP,-23.533,-46.7921
3534500,OSCAR BRESSANE,SP,-22.3188,-50.2818
3534609,OSVALDO CRUZ,SP,-21.7971,-50.879
3534708,OURINHOS,SP,-22.9794,-49.871
3534807,OURO VERDE,SP,-21.4899,-51.7007
3534757,OUROESTE,SP,-20.001,-50.3726
3534906,PACAEMBU,SP,-21.5627,-51.261
3535002,PALESTINA,SP,-20.3905,-49.4335
3535101,PALMARES PAULISTA,SP,-21.0835,-48.8012
3535200,PALMEIRA DO OESTE,SP,-20.4168,-50.7624
3535309,PALMITAL,SP,-22.7894,-50.2179
3535408,PANORAMA,SP,-21.3568,-51.8601
3535507,PARAGUAÇU PAULISTA,SP,-22.4132,-50.5763
3535606,PARAIBUNA,SP,-23.3866,-45.6626
3535705,PARAÍSO,SP,-21.0169,-48.774
3535804,PARANAPANEMA,SP,-23.3891,-48.7232
3535903,PARANAPUÃ,SP,-21.7685,-50.7721
3536000,PARAPUÃ,SP,-21.7685,-50.7721
3536109,PARDINHO,SP,-23.0816,-48.374
3536208,PARIQUERA-AÇU,SP,-24.7155,-47.8815
3536257,PARISI,SP,-20.3041,-50.0151
3536307,PATROCÍNIO PAULISTA,SP,-20.6399,-47.2821
3536406,PAULICÉIA,SP,-21.3182,-51.831
3536505,PAULÍNIA,SP,-22.7616,-47.1546
3536570,PAULISTÂNIA,SP,-22.5788,-49.4032
3536604,PAULO DE FARIA,SP,-20.0313,-49.3837
3536703,PEDERNEIRAS,SP,-22.3521,-48.7754
3536802,PEDRA BELA,SP,-22.7935,-46.4435
3536901,PEDRANÓPOLIS,SP,-20.248,-50.1107
3537008,PEDREGULHO,SP,-20.2574,-47.4771
3537107,PEDREIRA,SP,-22.7424,-46.9018
3537156,PEDRINHAS PAULISTA,SP,-22.8155,-50.7943
3537206,PEDRO DE TOLEDO,SP,-24.2752,-47.2332
3537305,PENÁPOLIS,SP,-21.4202,-50.0779
3537404,PEREIRA BARRETO,SP,-20.6388,-51.1096
3537503,PEREIRAS,SP,-23.0766,-47.9762
3537602,PERUÍBE,SP,-24.3205,-46.9987
3537701,PIACATU,SP,-21.5927,-50.5996
3537800,PIEDADE,SP,-23.7124,-47.4282
3537909,PILAR DO SUL,SP,-23.8135,-47.7168
3538006,PINDAMONHANGABA,SP,-22.9244,-45.4621
3538105,PINDORAMA,SP,-21.1863,-48.9076
3538204,PINHALZINHO,SP,-22.7799,-46.591
3538303,PIQUEROBI,SP,-21.868,-51.729
3538501,PIQUETE,SP,-22.6141,-45.1765
3538600,PIRACAIA,SP,-23.0544,-46.3585
3538709,PIRACICABA,SP,-22.7258,-47.6496
3538808,PIRAJU,SP,-23.1941,-49.3843
3538907,PIRAJUÍ,SP,-21.9991,-49.4576
3539004,PIRANGI,SP,-21.0919,-48.6582
3539103,PIRAPORA DO BOM JESUS,SP,-23.3974,-47.0026
3539202,PIRAPOZINHO,SP,-22.2757,-51.5004
3539301,PIRASSUNUNGA,SP,-21.9966,-47.4262
3539400,PIRATININGA,SP,-22.4132,-49.1351
3539509,PITANGUEIRAS,SP,-21.0099,-48.2221
3539608,PLANALTO,SP,-21.0349,-49.9296
3539707,PLATINA,SP,-22.6382,-50.2043
3539806,POÁ,SP,-23.5285,-46.3451
3539905,POLONI,SP,-20.7857,-49.824
3540002,POMPÉIA,SP,-22.1091,-50.1721
3540101,PONGAÍ,SP,-21.7369,-49.3671
3540200,PONTAL,SP,-21.023,-48.0376
3540259,PONTALINDA,SP,-20.4413,-50.5238
3540309,PONTES GESTAL,SP,-20.1671,-49.7037
3540408,POPULINA,SP,-19.9332,-50.5379
3540507,PORANGABA,SP,-23.1763,-48.1254
3540606,PORTO FELIZ,SP,-23.2152,-47.5243
3540705,PORTO FERREIRA,SP,-21.8544,-47.4796
3540754,POTIM,SP,-22.8433,-45.2518
3540804,POTIRENDABA,SP,-21.0432,-49.3776
3540853,PRACINHA,SP,-21.8516,-51.0871
3540903,PRADÓPOLIS,SP,-21.3599,-48.066
3541000,PRAIA GRANDE,SP,-24.0063,-46.4032
3541059,PRATÂNIA,SP,-22.8088,-48.6665
3541109,PRESIDENTE ALVES,SP,-22.1005,-49.4385
3541208,PRESIDENTE BERNARDES,SP,-22.0066,-51.5535
3541307,PRESIDENTE EPITÁCIO,SP,-21.7638,-52.116
3541406,PRESIDENTE PRUDENTE,SP,-22.126,-51.3893
3541505,PRESIDENTE VENCESLAU,SP,-21.8766,-51.8443
3541604,PROMISSÃO,SP,-21.5371,-49.8585
3541653,QUADRA,SP,-23.2999,-48.0551
3541703,QUATÁ,SP,-22.248,-50.6988
3541802,QUEIROZ,SP,-21.7994,-50.2407
3541901,QUELUZ,SP,-22.5374,-44.7743
3542008,QUINTANA,SP,-22.073,-50.3079
3542107,RAFARD,SP,-23.0121,-47.5273
3542206,RANCHARIA,SP,-22.2296,-50.8935
3542305,REDENÇÃO DA SERRA,SP,-23.2674,-45.5371
3542404,REGENTE FEIJÓ,SP,-22.2219,-51.3032
3542503,REGINÓPOLIS,SP,-21.8885,-49.2257
3542602,REGISTRO,SP,-24.488,-47.844
3542701,RESTINGA,SP,-20.6038,-47.4832
3542800,RIBEIRA,SP,-24.6574,-49.0093
3542909,RIBEIRÃO BONITO,SP,-22.0671,-48.1765
3543006,RIBEIRÃO BRANCO,SP,-24.2213,-48.766
3543105,RIBEIRÃO CORRENTE,SP,-20.4574,-47.5907
3543204,RIBEIRÃO DO SUL,SP,-22.7846,-49.934
3543238,RIBEIRÃO DOS ÍNDIOS,SP,-21.9763,-51.6518
3543253,RIBEIRÃO GRANDE,SP,-24.0996,-48.3657
3543303,RIBEIRÃO PIRES,SP,-23.711,-46.4137
3543402,RIBEIRÃO PRETO,SP,-21.178,-47.8107
3543600,RIFAINA,SP,-20.081,-47.4218
3543709,RINCÃO,SP,-21.5874,-48.0712
3543808,RINÓPOLIS,SP,-21.7263,-50.7226
3543907,RIO CLARO,SP,-22.4119,-47.5618
3544004,RIO DAS PEDRAS,SP,-22.8438,-47.6065
3544103,RIO GRANDE DA SERRA,SP,-23.7446,-46.3987
3544202,RIOLÂNDIA,SP,-19.9813,-49.6824
3543501,RIVERSUL,SP,-23.8288,-49.4296
3544251,ROSANA,SP,-22.5802,-53.0596
3544301,ROSEIRA,SP,-22.8985,-45.3057
3544400,RUBIÁCEA,SP,-21.301,-50.7271
3544509,RUBINÉIA,SP,-20.1799,-51.0026
3544608,SABINO,SP,-21.4602,-49.5787
3544707,SAGRES,SP,-21.8841,-50.9565
3544806,SALES,SP,-21.3416,-49.4857
3544905,SALES OLIVEIRA,SP,-20.7724,-47.8385
3545001,SALESÓPOLIS,SP,-23.5327,-45.8468
3545100,SALMOURÃO,SP,-21.6246,-50.861
3545159,SALTINHO,SP,-22.8471,-47.6773
3545209,SALTO,SP,-23.2013,-47.2873
3545308,SALTO DE PIRAPORA,SP,-23.6494,-47.5737
3545407,SALTO GRANDE,SP,-22.8932,-49.986
3545506,SANDOVALINA,SP,-22.4566,-51.7635
3545605,SANTA ADÉLIA,SP,-21.2432,-48.8046
3545704,SANTA ALBERTINA,SP,-20.0324,-50.7282
3545803,SANTA BÁRBARA DO OESTE,SP,-22.7541,-47.414
3546009,SANTA BRANCA,SP,-23.3971,-45.8843
3546108,SANTA CLARA DO OESTE,SP,-20.0943,-50.9268
3546207,SANTA CRUZ DA CONCEIÇÃO,SP,-22.1408,-47.4523
3546256,SANTA CRUZ DA ESPERANÇA,SP,-21.2913,-47.4301
3546306,SANTA CRUZ DAS PALMEIRAS,SP,-21.8274,-47.249
3546405,SANTA CRUZ DO RIO PARDO,SP,-22.8994,-49.6329
3546504,SANTA ERNESTINA,SP,-21.4632,-48.3912
3546603,SANTA FÉ DO SUL,SP,-20.2116,-50.9263
3546702,SANTA GERTRUDES,SP,-22.4571,-47.5307
3546801,SANTA ISABEL,SP,-23.316,-46.2218
3546900,SANTA LÚCIA,SP,-21.6855,-48.0846
3547007,SANTA MARIA DA SERRA,SP,-22.5677,-48.161
3547106,SANTA MERCEDES,SP,-21.3513,-51.7557
3547403,SANTA RITA DO OESTE,SP,-20.1441,-50.8304
3547502,SANTA RITA DO PASSA QUATRO,SP,-21.7107,-47.4785
3547601,SANTA ROSA DE VITERBO,SP,-21.4732,-47.3635
3547650,SANTA SALETE,SP,-20.2452,-50.6887
3547205,SANTANA DA PONTE PENSA,SP,-20.2535,-50.7976
3547304,SANTANA DE PARNAÍBA,SP,-23.4446,-46.9182
3547700,SANTO ANASTÁCIO,SP,-21.8388,-51.6107
3547809,SANTO ANDRÉ,SP,-23.6644,-46.5387
3547908,SANTO ANTÔNIO DA ALEGRIA,SP,-21.0874,-47.1515
3548005,SANTO ANTÔNIO DE POSSE,SP,-22.6066,-46.9198
3548054,SANTO ANTÔNIO DO ARACANGUÁ,SP,-20.9371,-50.496
3548104,SANTO ANTÔNIO DO JARDIM,SP,-22.1933,-46.7471
3548203,SANTO ANTÔNIO DO PINHAL,SP,-22.8277,-45.6629
3548302,SANTO EXPEDITO,SP,-21.851,-51.3926
3548401,SANTÓPOLIS DO AGUAPEÍ,SP,-21.638,-50.5007
3548500,SANTOS,SP,-23.9613,-46.334
3548609,SÃO BENTO DO SAPUCAÍ,SP,-22.6894,-45.7312
3548708,SÃO BERNARDO DO CAMPO,SP,-23.6944,-46.5654
3548807,SÃO CAETANO DO SUL,SP,-23.6235,-46.5515
3548906,SÃO CARLOS,SP,-22.018,-47.8912
3549003,SÃO FRANCISCO,SP,-20.3596,-50.6971
3549102,SÃO JOÃO DA BOA VISTA,SP,-21.9696,-46.7985
3549201,SÃO JOÃO DAS DUAS PONTES,SP,-20.3899,-50.3785
3549250,SÃO JOÃO DE IRACEMA,SP,-20.5138,-50.3526
3549300,SÃO JOÃO DO PAU DE ALHO,SP,-21.2685,-51.6663
3549409,SÃO JOAQUIM DA BARRA,SP,-20.5819,-47.8551
3549508,SÃO JOSÉ DA BELA VISTA,SP,-20.5935,-47.6404
3549607,SÃO JOSÉ DO BARREIRO,SP,-22.6455,-44.5782
3549706,SÃO JOSÉ DO RIO PARDO,SP,-21.596,-46.889
3549805,SÃO JOSÉ DO RIO PRETO,SP,-20.8202,-49.3799
3549904,SÃO JOSÉ DOS CAMPOS,SP,-23.1799,-45.8873
3549953,SÃO LOURENÇO DA SERRA,SP,-23.853,-46.9429
3550001,SÃO LUÍS DO PARAITINGA,SP,-23.2221,-45.3104
3550100,SÃO MANUEL,SP,-22.7316,-48.571
3550209,SÃO MIGUEL ARCANJO,SP,-23.8788,-47.9976
3550308,SÃO PAULO,SP,-23.548,-46.6365
3550407,SÃO PEDRO,SP,-22.5491,-47.9143
3550506,SÃO PEDRO DO TURVO,SP,-22.7474,-49.7401
3550605,SÃO ROQUE,SP,-23.5296,-47.1357
3550704,SÃO SEBASTIÃO,SP,-23.7605,-45.4101
3550803,SÃO SEBASTIÃO DA GRAMA,SP,-21.711,-46.8212
3550902,SÃO SIMÃO,SP,-21.4796,-47.5512
3551009,SÃO VICENTE,SP,-23.9635,-46.3923
3551108,SARAPUÍ,SP,-23.641,-47.8251
3551207,SARUTAIÁ,SP,-23.2735,-49.4807
3551306,SEBASTIANÓPOLIS DO SUL,SP,-20.6555,-49.9215
3551405,SERRA AZUL,SP,-21.3113,-47.566
3551603,SERRA NEGRA,SP,-22.6127,-46.701
3551504,SERRANA,SP,-21.2119,-47.596
3551702,SERTÃOZINHO,SP,-21.1382,-47.9907
3551801,SETE BARRAS,SP,-24.3883,-47.926
3551900,SEVERÍNIA,SP,-20.8099,-48.8032
3552007,SILVEIRAS,SP,-22.6649,-44.8532
3552106,SOCORRO,SP,-22.5919,-46.5293
3552205,SOROCABA,SP,-23.5021,-47.4585
3552304,SUD MENNUCCI,SP,-20.6913,-50.9243
3552403,SUMARÉ,SP,-22.8224,-47.2673
3552551,SUZANÁPOLIS,SP,-20.5018,-51.0251
3552502,SUZANO,SP,-23.543,-46.3112
3552601,TABAPUÃ,SP,-20.9646,-49.0321
3552700,TABATINGA,SP,-21.7171,-48.6879
3552809,TABOÃO DA SERRA,SP,-23.6266,-46.7921
3552908,TACIBA,SP,-22.3902,-51.2851
3553005,TAGUAÍ,SP,-23.4524,-49.4093
3553104,TAIAÇU,SP,-21.1449,-48.5129
3553203,TAIÚVA,SP,-21.1244,-48.4521
3553302,TAMBAÚ,SP,-21.7055,-47.2748
3553401,TANABI,SP,-20.6269,-49.6496
3553500,TAPIRAÍ,SP,-23.9641,-47.5076
3553609,TAPIRATIBA,SP,-21.4688,-46.749
3553658,TAQUARAL,SP,-21.0724,-48.4107
3553708,TAQUARITINGA,SP,-21.4066,-48.5051
3553807,TAQUARITUBA,SP,-23.5335,-49.2449
3553856,TAQUARIVAÍ,SP,-23.9249,-48.6935
3553906,TARABAI,SP,-22.303,-51.5596
3553955,TARUMÃ,SP,-22.7471,-50.5776
3554003,TATUÍ,SP,-23.356,-47.8573
3554102,TAUBATÉ,SP,-23.0269,-45.5557
3554201,TEJUPÁ,SP,-23.3432,-49.3768
3554300,TEODORO SAMPAIO,SP,-22.533,-52.1679
3554409,TERRA ROXA,SP,-20.7894,-48.3301
3554508,TIETÊ,SP,-23.1024,-47.7151
3554607,TIMBURI,SP,-23.2057,-49.6071
3554656,TORRE DE PEDRA,SP,-23.2449,-48.1951
3554706,TORRINHA,SP,-22.4266,-48.1696
3554755,TRABIJU,SP,-22.0421,-48.336
3554805,TREMEMBÉ,SP,-22.9588,-45.5498
3554904,TRÊS FRONTEIRAS,SP,-20.2355,-50.8907
3554953,TUIUTI,SP,-22.8169,-46.694
3555000,TUPÃ,SP,-21.9352,-50.514
3555109,TUPI PAULISTA,SP,-21.3816,-51.571
3555208,TURIÚBA,SP,-20.9338,-50.1079
3555307,TURMALINA,SP,-20.0521,-50.4765
3555356,UBARANA,SP,-21.166,-49.7179
3555406,UBATUBA,SP,-23.4344,-45.0715
3555505,UBIRAJARA,SP,-22.5271,-49.6635
3555604,UCHOA,SP,-20.9532,-49.1751
3555703,UNIÃO PAULISTA,SP,-20.8877,-49.8976
3555802,URÂNIA,SP,-20.2466,-50.6435
3555901,URU,SP,-21.7844,-49.2812
3556008,URUPÊS,SP,-21.2021,-49.2904
3556107,VALENTIM GENTIL,SP,-20.4227,-50.0879
3556206,VALINHOS,SP,-22.971,-46.9962
3556305,VALPARAÍSO,SP,-21.2282,-50.8688
3556354,VARGEM,SP,-22.8894,-46.414
3556404,VARGEM GRANDE DO SUL,SP,-21.8327,-46.894
3556453,VARGEM GRANDE PAULISTA,SP,-23.6038,-47.0268
3556503,VÁRZEA PAULISTA,SP,-23.2119,-46.8287
3556602,VERA CRUZ,SP,-22.2202,-49.8199
3556701,VINHEDO,SP,-23.0302,-46.9757
3556800,VIRADOURO,SP,-20.8735,-48.2973
3556909,VISTA ALEGRE DO ALTO,SP,-21.171,-48.6296
3556958,VITÓRIA BRASIL,SP,-20.1971,-50.4849
3557006,VOTORANTIM,SP,-23.5471,-47.4382
3557105,VOTUPORANGA,SP,-20.4232,-49.9732
3557154,ZACARIAS,SP,-21.0527,-50.0512
